연번,시설명,위치,규모,홀수,운영기관,연락처,latitude,longitude,지역
1,"고금파크골프장","전라남도 완도군 고금면 농산리 759-1","-","9","완도군","",34.2676,126.77,"전남"
2,"곡성동악파크골프장","전라남도 곡성군 죽동리 체육공원내","-","18","곡성군","",35.2818,127.2913,"전남"
3,"광양시파크골프장","전라남도 광양시 강변동길 216","","18","","",34.9638119718862,127.598760737452,"전남"
4,"구례군파크골프장","전라남도 구례군 서시천로 106","-","9","구례군","",35.2026,127.463,"전남"
5,"남악파크골프장","전라남도 무안군 심향읍 남악리 2597","-","18","무안군","",34.9123,126.4567,"전남"
6,"남해파크골프장","전라남도 목포시 연산동 864","-","9","목포시","",34.7934,126.3789,"전남"
7,"담양제1파크골프장","전라남도 담양군 담양읍 양각샛길 207","","36","","",35.32430939506247,126.99358637920344,"전남"
8,"담양제2파크골프장","전라남도 담양군 담양읍 양각리 348","","18","","",35.3190826647546,126.978611139208,"전남"
9,"무안파크골프장","전라남도 무안군 무안읍 성동리 1086-3","-","18","무안군","",34.9906,126.4818,"전남"
10,"보성미니파크골프장","전라남도 보성군 보성읍 용문길 36-16","-","9","보성군","",34.7712,127.0804,"전남"
11,"복내파크골프장","전라남도 보성군 복내리 536-16","-","18","보성군","",34.7712,127.0804,"전남"
12,"부주산국제파크골프장","전라남도 목포시 부주로 159","-","27","목포시","",34.8143,126.3845,"전남"
13,"북항파크골프장","전라남도 목포시 북항 하수종말처리장","-","9","목포시","",34.7934,126.3789,"전남"
14,"불갑파크골프장","전라남도 영광군 불갑면 방마리","-","18","영광군","",35.2789,126.4123,"전남"
15,"삼학도파크골프장","전라남도 목포시 산정동 삼하도","-","9","목포시","",34.7812,126.4123,"전남"
16,"삼호대불파크골프장","전라남도 영암군 삼호읍 종합공원길 11","-","36","영암군","",34.8007,126.6965,"전남"
17,"상동파크골프장","전라남도 목포시 상동 연동건널목 석현동 산거리","-","9","목포시","",34.8118,126.3922,"전남"
18,"서면파크골프장","전라남도 순천시 서면 강청리 828","30623㎡","9","","033-250-3502",37.8813,127.7298,"전남"
19,"서해파크골프장","전라남도 목포시 연산동","-","9","목포시","",34.7934,126.3789,"전남"
20,"송월동파크골프장","전라남도 나주시 성북동 100","-","9","나주시","",35.0149,126.7239,"전남"
21,"시종마한파크골프장","전라남도 영암군 시종면 남해당로 65","-","18","영암군","",34.8434,126.6234,"전남"
22,"실내체육관파크골프장","전라남도 목포시 상동 349-1","7,700㎡","9","한강사업 본부","",37.5275,126.9326
23,"영산포체육공원파크골프장","전라남도 나주시 삼영동 131-1","-","18","나주시","",35.0149,126.7239,"전남"
24,"영암파크골프장","전라남도 영암군 영암읍 영운재로 272","-","18","영암군","",34.8007,126.6965,"전남"
25,"오곡파크골프장","전라남도 곡성군 오곡천변내","-","9","곡성군","",35.2345,127.3123,"전남"
26,"운림삼별초파크골프장","전라남도 진도군 의신면 사천길 15-21","-","18","진도군","",34.4867,126.2639,"전남"
27,"장성군 A파크골프장","전라남도 장성군 황룡면 월평리 590-1","-","9","장성군","",35.3013,126.7864,"전남"
28,"장성군 B파크골프장","전라남도 장성군 황룡면 신호리 53-1","-","9","장성군","",35.3013,126.7864,"전남"
29,"장흥파크골프장","전라남도 장흥군 관산읍 옥당리 535-16","","9","","",34.566090951304,126.934890748291,"전남"
30,"한빛원자력파크골프장","전라남도 영광군 홍농읍 성산리 494","-","36","영광군","",35.4141,126.5042,"전남"
31,"함평군파크골프장","전라남도 함평군 함평읍 곤재로 83","-","36","함평군","",35.0661,126.5168,"전남"
32,"해남파크골프장)","전라남도 해남군 삼산면 봉학리 154-7","","18","","",34.525743889086,126.552011010823,"전남"
33,"혁신도시파크골프장","전라남도 나주시 빛가람동 4-346","-","9","나주시","",35.028,126.8021,"전남"
34,"가곡파크골프장","경상남도 밀양시 가곡동 743-2","","18","","",35.4754554123998,128.76119232074,"경남"
35,"가산수변공원 파크골프장","경상남도 양산시 동면 가산리807","","36","","",35.2961861503116,129.018260500838,"경남"
36,"가산파크골프장","경상북도 칠곡군 가산면 송학리 268","","9","","",36.1031902722817,128.518920539834,"경북"
37,"가야곡파크골프장","충청남도 논산시 가야곡면 덕은로 365","","9","","",36.1577832633842,127.183110875688,"충남"
38,"가조파크골프장","경상남도 거창군 가조면 일부리 1121-1","17159㎡","9","경상남도 거창군 가조면사무소","055-940-7812",35.70178082,128.0210598,"경남"
39,"가창파크골프장","대구광역시 달성군 가창면 옥분리 788-1","","18","","",35.91757638759406,128.6440988827736,"대구"
40,"가평파크골프장","경기도 가평군 청평면 대성리 388-13","","36","","",37.6920349592208,127.383987116843,"경기"
41,"가포체육공원 파크골프장","경상남도 창원시 마산합포구 가포신항남로 37","","9","","",35.1627218984985,128.577361853048,"경남"
42,"각북파크골프장","경상북도 청도군 각북면 낙산1길 산들팬션앞","","18","청도군","",35.6234,128.7123,"경북"
43,"간현파크골프장","강원특별자치도 원주시 지정면 간현리 1116-36번지","5000㎡","18","","033-737-2874",37.3067,127.8923,"강원"
44,"강경파크골프장","충청남도 논산시 강경읍 금백로 45","","27","","",36.157556249242,127.009806298967,"충남"
45,"강남파크골프장","경상북도 안동시 정상동 779","","36","안동시","",36.5734,128.7345,"경북"
46,"강릉파크골프장","강원특별자치도 강릉시 입암동 572-3","13125㎡","18","","033-640-5963",37.7519,128.8756,"강원"
47,"강변파크골프장","경상남도 거창군 거창읍 대평리 강변","대구광역시 북구 서변동 1506번지","9","18홀","대구광역시 도시관리본부 체육시설관리부",35.454439157392514,128.200844164506,"경남"
48,"강변파크골프장","경상남도 거창군 거창읍 대평리 강변","대구광역시 북구 서변동 1506번지","9","18홀","대구광역시 도시관리본부 체육시설관리부",35.454439157392514,128.200844164506,"경남"
49,"강변파크골프장","경상남도 거창군 거창읍 대평리 강변","대구광역시 북구 서변동 1506번지","9","18홀","대구광역시 도시관리본부 체육시설관리부",35.454439157392514,128.200844164506,"경남"
50,"강창파크골프장","대구광역시 달성군 다사읍 매곡리 91","","18","","",35.8570145544397,128.47150607506,"대구"
51,"강창학파크골프장","제주특별자치도 서귀포시 강정동 1353","","18","","",33.2573164351763,126.499685223312,"제주"
52,"거제파크골프장","경상남도 거제시 거제면 스포츠파크 내","","27","","",35.458876063014294,128.20568541924482,"경남"
53,"거창군 파크골프장","경상남도 거창군 거창읍 심소정길 39-36","","36","","",35.6951358075642,127.926350536293,"경남"
54,"거창파크골프장(제4구장)","경상남도 거창군 거창읍 심소정길 강변","","9","","",35.45959229054481,128.21267238370854,"경남"
55,"건천파크골프장","경상북도 경주시 건천읍 천포리 1112번지","","9","","",36.48934459061278,128.88002422626363,"경북"
56,"경산파크골프장","경상북도 경산시 강변동로 369","","18","경산시","",35.8253,128.7417,"경북"
57,"경주파크골프장","경상북도 경주시 석장동1169-1","","18","경주시시설관리공단","",35.8423,129.2345,"경북"
58,"계룡시파크골프장","충청남도 계룡시 신도안면 정장리 6","","36","","",36.3017172173862,127.237580065978,"충남"
59,"계평파크골프장","경상북도 안동시 계평리 717","","27","","",36.5505793667526,128.662903571742,"경북"
60,"고로파크골프장","대구광역시 군위군 삼국유사면 석산리 560","","18","","",36.1740785811243,128.853361269607,"대구"
61,"고산파크골프장","전북특별자치도 완주군 고산면 읍내리 902 고산체육공원 내","6,650㎡","18","완주군","",35.7234,127.1456
62,"고성군파크골프장","강원특별자치도 고성군 토성면 도원리 115-27","31935㎡","18","","033-680-3715",38.4553,128.4673,"강원"
63,"고아파크골프장","경상북도 구미시 고아읍 예강리 695-1","","36","","",36.203020796712,128.357176968179,"경북"
64,"고전파크골프장","경상남도 하동군 고전면 전도리 882-3","","18","","",34.9972706835475,127.78454228873,"경남"
65,"고창파크골프장","전북특별자치도 고창군 고창읍 월암리 407-2 (고창스포츠타운내)","","18","","",35.4294268706453,126.725709391581,"전북"
66,"곡강천파크골프장","경상북도 포항시 남구 효곡동","","36","포항시시설관리공단","",36.0456,129.4123,"경북"
67,"곡교천파크골프장","충청남도 아산시 권곡동 331-1","","18","","",36.7969631860295,127.012694320652,"충남"
68,"곰나루파크골프장","충청남도 공주시 웅진동 722","","36","","",36.4600111371828,127.099777480168,"충남"
69,"공촌유수지파크골프장","인천광역시 서구 첨단서로 130 공촌유수지체육시설","22500","18","인천시설공단","032-473-8307",37.5234,126.6234,"인천"
70,"과학관공원 파크골프장","대구광역시 달성군 유가읍 상리 916-1","","9","","",35.6868460660464,128.458932730252,"대구"
71,"관악 파크골프장","서울특별시 관악구 신림동 산108-10","","9","","",37.4671979095451,126.917928080731,"서울"
72,"광산구 서봉파크골프장","광주광역시 광산구 서봉동 205-6","60587㎡","36","광산구","062-960-9927",35.1678,126.7834,"광주"
73,"광석골파크골프장","경상남도 창원시 진해구 장천동 765번지","","6","","",35.129839842183,128.711049846189,"경남"
74,"광주시파크골프장","경기도 광주시 경안동 청석공원 내 파크골프장","","18","","",35.194749039590015,126.81203099480778,"경기"
75,"괴산파크골프장","충청북도 괴산군 괴산읍 임꺽정로222","","18","","",36.8194052782337,127.772469295536,"충북"
76,"구리시파크골프장","경기도 구리시 수택동 왕숙천 구리시환경사무소","","9","","",37.39172465115866,127.47318191038153,"경기"
77,"구미파크골프장","경상북도 구미시 낙동제방길 200 낙동강체육공원 내","","54","구미시","",36.0923,128.2834,"경북"
78,"구지1호근린공원 파크골프장","대구광역시 달성군 구지면 내리 840 산업단지1호근린공원","","18","","",35.6416248571619,128.418824448963,"대구"
79,"구지평촌파크골프장","대구광역시 달성군 구지면 평촌리 1-10","","18","","",35.6451449372217,128.457282116039,"대구"
80,"군북파크골프장","경상남도 함안군 군북면 함안산단7길70","","36","","",35.2962199136445,128.319761173877,"경남"
81,"군산파크골프장","전북특별자치도 군산시 수송동로 58","10,800㎡","18","군산시","",35.9676,126.737
82,"군위파크골프장","대구광역시 군위군 군위읍 내량길 28-60","","36","","",36.2498915943205,128.557626678077,"대구"
83,"군포시파크골프장","경기도 군포시 수변공원내","","9","","",37.4462988436044,127.56120380713502,"경기"
84,"금강파크골프장","세종특별자치시 세종동 747-321","43000㎡","36","세종특별자치시","044-301-3334",36.4816,127.289,"세종"
85,"금산군파크골프장","충청남도 금산군 제원면 수당리 986-1","","36","","",36.10332352831,127.532028145215,"충남"
86,"금서파크골프장","경상남도 산청군 금서면 동의보감로 645","","9","","",35.41997308561902,127.87806337687367,"경남"
87,"금성파크골프장","경상북도 의성군 금성면 탑운길 99","","9","","",36.2613253567142,128.686445377887,"경북"
88,"금소파크골프장","경상북도 안동시 임하면 금소리 생태공원","","18","","",36.493568403673386,128.8934227501519,"경북"
89,"금천파크골프장","경상북도 청도군 금천면 동곡리 새들보옆","14,000㎡","18","금천구","",37.4567,126.9012
90,"기장파크골프장","부산광역시 기장군 정관읍 모전리677 물빛공원 내","5118㎡","6","","033-460-4357",38.0723,128.1756,"부산"
91,"김천파크골프장","경상북도 김천시 지좌동157-1","","27","김천시","",36.1394,128.1137,"경북"
92,"나리공원파크골프장","경기도 양주시 광사동 나리공원 내","","18","","",37.38762773170696,127.47967319562098,"경기"
93,"난지천공원 파크골프장연습장","서울특별시 마포구 상암동 1538","","6","","",37.5711561301509,126.887391519322,"서울"
94,"남구 대공원 파크골프장","울산광역시 남구 대공원로 94","","18","","",35.5310582725536,129.293845763498,"울산"
95,"남구 태화강 파크골프장","울산광역시 남구 신정동 391","","36","","",35.5501055866551,129.308723002997,"울산"
96,"남구파크골프장","대구광역시 남구 봉덕동 산128-1","","9","","",35.8311258899048,128.596827313399,"대구"
97,"남대천파크골프장","경상북도 울진군 평해읍 평해리 538-4","74063㎡","9","","033-670-2606",38.075,128.619,"경북"
98,"남양주장애인파크골프장","경기도 남양주시 별내동910","","9","구미시","",36.1078,128.3234,"경기"
99,"남양주파크골프장","경기도 남양주시 다산동739 다산근린공원 앞 왕숙천","","18","","",37.5970012375082,127.161068454829,"경기"
100,"남원파크골프장","전북특별자치도 남원시 춘향골 체육공원내","18,000㎡","18","남원시","",35.3789,127.4234
101,"남원파크골프장","제주특별자치도 서귀포시 남원읍 수망리 산 158-1","18,000㎡","18","남원시","",35.3789,127.4234
102,"남해스포츠 파크골프장","경상남도 남해군 서면 스포츠파크길 15 남해스포츠파크 내","-","18","목포시","",34.7934,126.3789,"경남"
103,"녹송파크골프장","강원특별자치도 정선군 정선읍 봉양리 37-3","15121㎡","18","","033-560-2950",37.3801,128.6608,"강원"
104,"녹천교 파크골프장","서울특별시 도봉구 창동796","","6","","",37.6412777455823,127.054752750506,"서울"
105,"논공 위천파크골프장","대구광역시 달성군 논공읍 위천리 646","","36","","",35.7513925440693,128.394600357113,"대구"
106,"논산시(신규)파크골프장","충청남도 논산시 성동면 원봉리 718-7","","36","","",36.2021768938619,127.0697242443,"충남"
107,"논산시파크골프장","충청남도 논산시 대교동 319-39번지","","27","","",36.2117770956122,127.085863290144,"충남"
108,"다락원 파크골프장","서울특별시 도봉구 도봉동1-28일대","","9","","",37.6934427077346,127.0485876878,"서울"
109,"다사파크골프장","대구광역시 달성군 다사읍 매곡리 354-1 금호강변 세천교 밑","","36","","",35.8670310190314,128.465833145078,"대구"
110,"다산파크골프장","경상북도 고령군 다산면 사문나루1길 30","","27","고령군","",35.7456,128.2456,"경북"
111,"다인문암파크골프장","경상북도 의성군 다인면 삼분2길 259","","18","","",36.423301527297,128.405417152112,"경북"
112,"단북파크골프장","경상북도 의성군 단북면 단북다인로 168","","9","","",36.3877295090321,128.404871711318,"경북"
113,"단성(묵곡) 파크골프장","경상남도 산청군 단성면 성철로 93번길(겁외사 옆)","","18","","",35.2851024331453,127.969091229143,"경남"
114,"단양 파크골프장","충청북도 단양군 단양읍 별곡리 생태공원 내","","18","","",36.63872860662824,127.49427411009728,"충북"
115,"달서 강창파크골프장","대구광역시 달서구 파호동 401-2","","27","","",35.8459645787462,128.472051870153,"대구"
116,"달성보파크골프장","대구광역시 달성군 논공읍 남리 6-5 (달성보 하류)","","18","","",35.7349229533318,128.4229460899,"대구"
117,"당진해나루파크골프장","충청남도 당진시 석문면 통정리 1349","","36","","",36.9937679102764,126.590709736506,"충남"
118,"대가야파크골프장","경상북도 고령군 대가야읍 장기리 320-1","","36","고령군","",35.7289,128.2634,"경북"
119,"대산파크골프장","경상남도 창원시 의창구 대산면 북부리 195-3","","90","","",35.3525765991412,128.720688397716,"경남"
120,"대상파크골프장","광주광역시 북구 월출동 968","17074㎡","18","시체육회","062-604-9900",35.2087,126.8123,"광주"
121,"대소원 파크골프장","충청북도 충주시 대소원면 새터2길 29-15","","18","","",36.9780864256575,127.815724749785,"충북"
122,"대원레포츠공원 파크골프장","경상남도 창원시 의창구 두대로 46 (대상공원내)","","9","","",35.46452379070084,128.19848649208686,"경남"
123,"대저생태공원파크골프장","부산광역시 강서구 대저1동 1-5 대저생태공원 내","","54","","",35.215848101826,128.991446009636,"부산"
124,"대평파크골프장","세종특별자치시 대평동 578-12","","9","","",36.467848224945,127.26438157409,"세종"
125,"대화 파크골프장","강원특별자치도 평창군 대화면 하원동길 25","20501㎡","18","","033-330-2161",37.4123,128.4234,"강원"
126,"덕산파크골프장","경상북도 칠곡군 약목면 덕산리 348-7","","9","칠곡군","",36.0123,128.4234,"경북"
127,"덕흥파크골프장","광주광역시 서구 덕흥동 157","7204㎡","9","서구청 체육관광과","062-360-7597",35.1567,126.8678,"광주"
128,"도개파크골프장","경상북도 구미시 도개면 궁기리 829-1","","36","구미시","",36.0845,128.2678,"경북"
129,"도고파크골프장","충청남도 아산시 도고면 신언리 826","","9","","",36.7567127905508,126.871240417665,"충남"
130,"도천파크골프장","경상남도 창녕군 도천면 도천리 770","","18","","",35.4235695769658,128.513530815018,"경남"
131,"동구 봉무동 파크골프장","대구광역시 동구 봉무동 1097-5 빗물펌프장(금호강변) 인근","","36","","",35.9270786862582,128.632552031921,"대구"
132,"동구도평파크골프장","대구광역시 동구 도동","","9","","",35.9236484205452,128.66703226419,"대구"
133,"동두천파크골프장","경기도 동두천시 동두천로27 송내주공5단지","","9","","",37.8839606655613,127.053907277466,"경기"
134,"동두천파크골프장","경기도 동두천시 송내동 696","","18","","",37.884672308489,127.052343851175,"경기"
135,"동락파크골프장","경상북도 구미시 진평동 880","","36","구미시","",36.1194,128.3444,"경북"
136,"동부5개면파크골프장","경상남도 진주시 사봉면 사군로 583","","18","","",35.452299847391906,128.2045808029312,"경남"
137,"동부권파크골프장","경상남도 적중면 상부리242","","18","","",35.542482929541,128.279352082899,"경남"
138,"동작 파크골프장","서울특별시 동작구 동작동 327","","9","","",37.5030126699269,126.979411885894,"서울"
139,"동천 파크골프장","울산광역시 중구 남외동 508-1","","27","","",35.5638248111196,129.351266456104,"울산"
140,"동탄제2신도시파크골프장","경기도 화성시 동탄면 방교동789","","18","","",37.458071490756346,127.4915765655904,"경기"
141,"동해무릉파크골프장","강원특별자치도 동해시 삼화동 34-27","29000㎡","27","","033-530-2347",37.5244,129.1144,"강원"
142,"동해시파크골프장","강원특별자치도 동해시 동해대로6314 망상컨멘션센타 옆","","27","","",37.5959377643689,129.084687865533,"강원"
143,"둔내우용파크골프장","강원특별자치도 횡성군 둔내면 우용리 395-1","","9","","",37.5003468819182,128.21056664322,"강원"
144,"둔내파크골프장","강원특별자치도 횡성군 둔내면 둔방내리 563-3","7822㎡","9","","033-340-5962",37.4234,128.0123,"강원"
145,"둔산파크골프장","전북특별자치도 완주군 봉동읍 둔산리 881","14,700㎡","18","완주군","",35.8456,127.1234
146,"둔포파크골프장","충청남도 아산시 둔포면 석곡리 1480","","9","","",36.9229873261234,127.062484001763,"충남"
147,"렛츠런파크골프장","제주특별자치도 제주시 애월읍 유수암리 1206","","18","","",33.40752269491,126.398648320702,"제주"
148,"마전교파크골프장","전북특별자치도 전주시 완산구 서신동 738-7","9,501㎡","18","전주시","",35.8042,127.1289
149,"마전비치파크골프장","경상남도 창원시 마산합포구 구산면 해양관광로 722-69","9,501㎡","18","전주시","",35.8042,127.1289
150,"마전비치파크골프장","경상남도 창원시 마산합포구 구산면 해양관광로 722-69","9,501㎡","18","전주시","",35.8042,127.1289
151,"망원유수지 파크골프장","서울특별시 마포구 망원동 450-3","","9","","",37.5577847794997,126.89723494181,"서울"
152,"매전파크골프장","경상북도 청도군 매전면 온장길 123 장연생태공원","","18","","",35.6393193805418,128.850600010871,"경북"
153,"무등산파크골프장","광주광역시 동구 남문로 418-13","6032㎡","9","광주광역시 동구체육회","062-608-2121",35.1745,126.9234,"광주"
154,"무안파크골프장","경상남도 밀양시 무안면 신법리 262-2","-","9","무안군","",34.9906,126.4818,"경남"
155,"무주파크골프장","전북특별자치도 무주군 설천면 상평지길 20 무주복지공원 내","","6","","",36.0090457742439,127.790612370122,"전북"
156,"무태파크골프장","대구광역시 북구 서변동 산격대교 밑","","18","","",35.88032214011766,128.60080992385323,"대구"
157,"무한천파크골프장","충청남도 예산군 예산읍 주교리 460","","36","","",36.6821114444916,126.822316158482,"충남"
158,"문경파크골프장","경상북도 문경시 창리강길45","","45","","",36.49958058991181,128.88654414923482,"경북"
159,"문막파크골프장","강원특별자치도 원주시 문막면 문막리 1071-17","21000㎡","18","","033-737-2874",37.2945,127.8834,"강원"
160,"미사리파크골프장","경기도 하남시 미사동608 하남나무고아원","","9","","",37.5820888460798,127.196136819576,"경기"
161,"밀양파크골프장","경상남도 밀양시 삼문동 631번지","","45","","",35.4826609580266,128.742546580159,"경남"
162,"백세파크골프장","충청남도 청양군 청양읍 은천동길 16-6 백세공원 내","","36","","",36.4431836699675,126.799584447153,"충남"
163,"범밤파크골프장","부산광역시 강서구 범방동 1998","","18","","",35.1566456774318,128.886224969016,"부산"
164,"벽진면파크골프장","경상북도 성주군 벽진면 체육공원","","9","성주군","",35.8756,128.2345,"경북"
165,"병곡파크골프장","경상북도 영덕군 병곡면 송천리 434-1","","36","","",36.5542330725711,129.404901975167,"경북"
166,"보령파크골프구장","충청남도 보령시 웅천읍 오천리 534-1","","18","","",36.513174991856296,126.80903626605333,"충남"
167,"봉산파크골프장","경상남도 합천군 봉산면 서부로4344-11","","9","","",35.6277091135484,128.044354908056,"경남"
168,"봉평 파크골프장","강원특별자치도 평창군 봉평면 기운동길 12","15887㎡","18","","033-330-2161",37.6234,128.3456,"강원"
169,"봉화파크골프장","경상북도 봉화군 봉화읍 내성리 내성천 둔치","","18","","",36.4974179310598,128.878226856213,"경북"
170,"부강파크골프장","세종특별자치시 부강면 금호리 82 부강생활체육공원내","21799㎡","16","세종특별자치시","044-301-3334",36.5234,127.3123,"세종"
171,"부귀파크골프장","전북특별자치도 진안군 부귀면 귀상로 652-41","8,990㎡","18","진안군","",35.7234,127.3456
172,"부여파크골프장","충청남도 부여군 부여읍 군수리 268-3","","54","","",36.2740616650796,126.898456999744,"충남"
173,"북구 검단파크골프장","대구광역시 북구 검단동 276","34336㎡","27","북구시설관리공단","062-524-0873",35.2012,126.8567,"대구"
174,"북구파크골프장","광주광역시 북구 연제동 730번지(북구종합운동장내)","34336㎡","18","북구시설관리공단","062-524-0873",35.2012,126.8567,"광주"
175,"북면 장애인 파크골프장","경상남도 창원시 의창구 북면 외산리 42-2","","18","구미시","",36.1078,128.3234,"경남"
176,"북부권파크골프장","경상남도 합천군 야로면 월광리388-1","22,786㎡","18","익산시","",35.9876,127.0234
177,"북삼파크골프장","경상북도 칠곡군 북삼읍 어로리 743=1","","18","칠곡군","",35.9756,128.3567,"경북"
178,"북평파크골프장","강원특별자치도 정선군 북평면 북평리 149-1","25646㎡","18","","033-560-2950",37.3456,128.6234,"강원"
179,"불로파크골프장","대구광역시 동구 불로동 866-2","28139㎡","27","대구광역시 도시관리본부 체육시설관리부","053-803-8324",35.8989,128.6834,"대구"
180,"비봉파크골프장","전북특별자치도 완주군 비봉면 소농리454 비봉면체육공원 내","34,043㎡","18","완주군","",35.7123,127.0789
181,"비비정파크골프장","전북특별자치도 완주군 삼례읍 후정리142-1 비비정공원 내","","18","","",35.9010947116882,127.064469634796,"전북"
182,"비산파크골프장A-E","대구광역시 서구 비산동 2127(매천대교 밑)","9304㎡","18","대구광역시 도시관리본부 체육시설관리부","053-803-8324",35.8678,128.5456,"대구"
183,"비산파크골프장C-D","대구광역시 서구 비산동 2127(매천대교 밑)","9304㎡","18","대구광역시 도시관리본부 체육시설관리부","053-803-8324",35.8678,128.5456,"대구"
184,"비안파크골프장","경상북도 의성군 비안면 이두리 이두교","","18","의성군","",36.2567,128.6789,"경북"
185,"사곡파크골프장","경상북도 의성군 사곡면 의성사곡로 995-9","","9","","",36.3062777144609,128.790203966085,"경북"
186,"사암파크골프장","부산광역시 강서구 신호공단","","18","","",35.201200048238505,129.12312403724118,"부산"
187,"산이파크골프장","전라남도 해남군 산이면 초두길 10-14","-","18","해남군","",34.4234,126.5123,"전남"
188,"산청(모고)파크골프장","경상남도 산청군 산청읍 모고리","","9","","",35.4368525239282,127.890442914019,"경남"
189,"살곶이공원 파크골프장","서울특별시 성동구 사근동 104","","2","","",37.5538739335068,127.048618251308,"서울"
190,"삼락18파크골프장","부산광역시 사상구 삼락동 658-2","","18","","",35.13406358050975,129.03035409025964,"부산"
191,"삼락9&9파크골프장","부산광역시 사상구 삼락동 658-1","","18","","",35.14931484670625,129.07444945467896,"부산"
192,"삼락다이나믹파크골프장","부산광역시 사상구 삼락동 29-42","","36","","",35.1709039639955,128.972593254727,"부산"
193,"삼량진파크골프장","경상남도 밀양시 삼량진읍 송지리 456-6","","9","","",35.50490032752228,128.73766886354127,"경남"
194,"삼신교통부지 파크골프장","경상남도 양산시 삼신교통부지","","9","","",35.33454674236716,129.03850484593025,"경남"
195,"삼척시미로파크골프장","강원특별자치도 삼척시미로면 강변 고수부지","23009㎡","9","","033-570-3819",37.4493,129.1658,"강원"
196,"삽교파크골프구장","충청남도 당진시 신평면 삽교호 호수공원내","","9","","",36.88185654397233,126.6311958309161,"충남"
197,"상관파크골프장","전북특별자치도 완주군 상관면 신리 916","21,500㎡","18","완주군","",35.6789,127.1123
198,"상록파크골프구장","충청남도 당진시 송악읍 두곡공단로","","18","","",36.886245679856856,126.63714628550107,"충남"
199,"상사파크골프장","전라남도 순천시 상사면 응령리 678-7","-","13","순천시","",35.0045,127.4892,"전남"
200,"상주파크골프장","경상북도 상주시 병성천2길44","","36","상주시","",36.4108,128.1591,"경북"
201,"생강골파크골프장","전북특별자치도 완주군 봉동읍 낙평리 795","12,852㎡","36","완주군","",35.8456,127.1234
202,"생비량파크골프장","경상남도 산청군 생비량면 가계리 939-2 생활체육공원내","","9","","",35.3642707139271,128.064263990878,"경남"
203,"서남물재생센터 파크골프장","서울특별시 강서구 양천로201","12,210㎡","9","㈜서남환경","",37.5345,126.8234
204,"서산나이스파크골프장","충청남도 서산시 음암면 바위백이길 12","","18","","",36.7913012854368,126.524083485044,"충남"
205,"서산시파크골프장","충청남도 서산시 양대동 753-4","","36","","",36.7402227912862,126.465512436706,"충남"
206,"서의성파크골프장","경상북도 의성군 안계면 소보안계로 1907","","54","","",36.3700739607613,128.431648222455,"경북"
207,"서재파크골프장","대구광역시 달성군 다사읍 다사로 822(방천리 환경자원사업소)","","18","","",35.8785297773752,128.509328261933,"대구"
208,"서종파크골프장","경기도 양평군 서종면 문호리922-4 서종문화체육공원 내","","9","","",37.5928783873111,127.348729896498,"경기"
209,"서천군노인복지관파크골프장","충청남도 서천군 종천면 충서로302번길 88-26","","18","","",36.1107464185825,126.656454499058,"충남"
210,"석적파크골프장","경상북도 칠곡군 석적읍 남율리 403","","36","칠곡군","",35.9845,128.3756,"경북"
211,"선남면파크골프장","경상북도 성주군 선남면 관화리 714 체육공원 내","","18","성주군","",35.8945,128.2567,"경북"
212,"선산파크골프장","경상북도 구미시 선산읍 원리1057-26","","36","구미시","",36.1345,128.3123,"경북"
213,"선학파크골프장","인천광역시 연수구 경원대로 526","18518","9","인천광역시체육회","032-821-5721",37.4123,126.6789,"인천"
214,"성남시파크골프장","경기도 성남시 분당구 수내동 탄천변","","9","","",37.38229101037438,127.51054257760207,"경기"
215,"성서5차산업단지파크골프장","대구광역시 달성군 다사읍 세천리 1691","","9","","",35.8706928034162,128.473183147496,"대구"
216,"성저파크골프장","경기도 고양시 일산서구 대화동2325","","18","","",37.6815220561734,126.741879869724,"경기"
217,"성주읍파크골프장","경상북도 성주군 성주읍 경산리 경산교 일대 (성밖숲 건너편)","","9","성주군체육회","",35.9192,128.2835,"경북"
218,"소보파크골프장","대구광역시 군위군 봉황리","","18","","",36.2644867099779,128.50549282192,"대구"
219,"속초 경동대 파크골프장","강원특별자치도 속초시 도리원길 5","15178㎡","9","","033-639-1565",38.207,128.5918,"강원"
220,"속초시파크골프장","강원특별자치도 속초시 관광로 363번길92","15178㎡","18","","033-639-1565",38.207,128.5918,"강원"
221,"송백지구 파크골프장","경상남도 진주시 금산면 송백리 663","","36","","",35.2065137935449,128.131234670612,"경남"
222,"송정파크골프장","경상남도 산청군 생초면 어서리","","9","","",35.4958173070631,127.824033713275,"경남"
223,"쇠평파크골프장","울산광역시 동구 남목3동 산153","","18","","",35.5529519900398,129.427593425187,"울산"
224,"수림지파크골프장","대구광역시 달서구 대천동699","","18","","",35.8176849504708,128.502281431464,"대구"
225,"수성파크골프장","대구광역시 수성구 고모동 6-2","","27","","",35.8716225243964,128.66836449753,"대구"
226,"수성팔현파크골프장","대구광역시 수성구 고모동 20-3 수성패미리파크","","27","","",35.8701126407386,128.673813805985,"대구"
227,"수안보온천 파크골프장","충청북도 충주시 수안보생활체육공원 내","","27","","",36.98990677245998,127.9224037964002,"충북"
228,"수원시파크골프장","경기도 수원시 권선구 서수원로577번길 171(서수원칠보체육관)","","9","","",37.2762903888499,126.948311380327,"경기"
229,"순창군파크골프장","전북특별자치도 순창군 유등면 왜이리 555-2","","18","","",35.748979627820226,127.16804625204081,"전북"
230,"술뫼파크골프장","경상남도 김해시 한림면 시산리 495-2","","72","","",35.3384536171998,128.776046278589,"경남"
231,"승촌파크골프장","광주광역시 남구 승촌동 588-47번지 일원(승촌공원 내)","38335㎡","36","광주광역시남구청, 남구체육회(수탁기관)","남구청 담당자 : 062-607-2451/남구체육회 : 070-4454-2352",35.1123,126.889
232,"시천(덕산)파크골프장","경상남도 산청군 시천면 사리 900-48","","18","칠곡군","",36.0123,128.4234,"경남"
233,"시흥시청파크골프장","경기도 시흥시 장현동 300 시흥시청 옆","","9","","",37.3800163522953,126.803159838228,"경기"
234,"시흥파크골프장","경기도 시흥시 목감동 신도시 내","","9","","",37.463405411707235,127.51361632868957,"경기"
235,"신안파크골프장","경상남도 산청군 신안면 중촌갈전로 228-35","","18","","",35.3221246157156,127.975462432675,"경남"
236,"신태인파크골프장","전북특별자치도 정읍시 신태인읍 신용리 881","120,100㎡","36","정읍시","",35.7622,126.8934
237,"신호파크골프장","부산광역시 강서구 신호산단로 72번길 46","","9","","",35.22176891979094,129.1036338209219,"부산"
238,"쌍백파크골프장","경상남도 합천군 쌍백면 중앙로63","","9","","",35.568431883260175,128.17374288238335,"경남"
239,"안산신길파크골프장","경기도 안산시 단원구 신길동1748","","18","","",37.330563167062,126.755624974584,"경기"
240,"안양천 파크골프장","서울특별시 양천구 목동411일대","18,000㎡","18","양천구","",37.5262,126.8745
241,"안양천 파크골프장","서울특별시 구로구 신도림동271-64번지 일대","18,000㎡","9","양천구","",37.5262,126.8745
242,"안양천 파크골프장","서울특별시 구로구 고척동60-1번지 일대","18,000㎡","18","양천구","",37.5262,126.8745
243,"안양천 파크골프장","서울특별시 금천구 가산동557-3","18,000㎡","18","양천구","",37.5262,126.8745
244,"안양천 파크골프장","서울특별시 영등포구 양화동4-1일대","18,000㎡","18","양천구","",37.5262,126.8745
245,"안양천 파크골프장","서울특별시 양천구 목동411 일대","18,000㎡","9","양천구","",37.5262,126.8745
246,"알천파크골프장","경상북도 경주시 구황동 883-1","","18","경주시시설관리공단","",35.8562,129.2247,"경북"
247,"양양남대천파크골프장","강원특별자치도 양양군 양양읍 송암리 540","74063㎡","45","","033-670-2606",38.075,128.619,"강원"
248,"양지파인리조트파크골프장","경기도 용인시 처인구 양지면 남평로112 양지파인리조트","","9","","",37.2106916656642,127.293645136918,"경기"
249,"양촌파크골프장","경기도 김포시 양촌읍 학운리 3084-4","","9","","",37.6095979371835,126.624927929395,"경기"
250,"양평장애인파크골프장","경기도 양평군 강상면 교평리419","","18","구미시","",36.1078,128.3234,"경기"
251,"양평파크골프장","경기도 양평군 강상면 교평리419","","81","","",37.4855816794112,127.485013574456,"경기"
252,"양포파크구미교육원","경상북도 구미시 거양길 280(양호동 607-2)","","18","구미시","",36.0923,128.2834,"경북"
253,"어울림파크골프장","경상북도 구미시 신평동 구미시산업로193-105","22,786㎡","18","익산시","",35.9876,127.0234
254,"어울림파크골프장","전북특별자치도 익산시 함영읍 칠복리 북부권","22,786㎡","18","익산시","",35.9876,127.0234
255,"여의도한강공원","서울특별시 영등포구 여의도동 70-1","7,700㎡","18","한강사업 본부","",37.5275,126.9326
256,"여주파크골프장","경기도 여주시 현암동 616-3","","36","","",37.3132938033947,127.631227904603,"경기"
257,"연산파크골프장","충청남도 논산시 연산면 표정리 249-2","","9","","",36.2144433437434,127.183573215394,"충남"
258,"연천재인폭포오토캠핑장파크골프장","경기도 연천군 연천읍 고문리130-1","","9","","",38.0644672032799,127.12941827723,"경기"
259,"연천파크골프장","경기도 연천군 군남면 군남대교옆","","36","","",37.40299368127281,127.51052941172972,"경기"
260,"염주파크골프장","광주광역시 서구 금화로 278","11847㎡","9","시체육회","062-384-4994",35.1234,126.8456,"광주"
261,"영덕파크골프장","경상북도 영덕군 천전길364-5","","18","","",36.421575310378884,129.3706868534036,"경북"
262,"영양군 파크골프장","경상북도 영양군 영양읍 삼지리 200 삼지수변공원 내","","27","","",36.6628065644932,129.130655824533,"경북"
263,"영월파크골프장","강원특별자치도 영월군 영월읍 팔괴로7-15","9041㎡","9","","033-370-2978",37.1836,128.4617,"강원"
264,"영종파크골프장","인천광역시 중구 중산동 1878-2","","9","","",37.4897867638332,126.554362549796,"인천"
265,"영주파크골프장(1구장)","경상북도 영주시 가흥동 1382 영주교 밑","","36","","",36.8213384949459,128.614075151953,"경북"
266,"영주파크골프장(2구장)","경상북도 영주시 가흥동 46 가흥제1교 밑","","18","","",36.8165286890531,128.615471409852,"경북"
267,"영천조교파크골프장","경상북도 영천시 조교동 51-1","","36","영천시","",35.9733,128.9386,"경북"
268,"영해파크골프장","경상북도 영덕군 영해면 영덕로1582 영해생활체육공원 내","","9","영덕군","",36.4156,129.4023,"경북"
269,"예천파크골프장","경상북도 예천군 예천읍 왕신길 84-9","","36","예천군파크골프협회","",36.6556,128.4517,"경북"
270,"오가낭파크골프장","세종특별자치시 한누리대로651","11760㎡","9","세종특별자치시","044-301-3334",36.4923,127.2678,"세종"
271,"오륜파크골프장","부산광역시 금정구 오륜동 657-2","","9","","",35.2513774623879,129.103049535997,"부산"
272,"오부파크골프장","경상남도 산청군 오부면 오잔리","","9","","",35.4154281437036,127.86664546557274,"경남"
273,"오송KTX파크골프장","충청북도 청주시 흥덕구 오송읍 오송리 358-3","","36","","",36.598852831461,127.336470498028,"충북"
274,"오수파크골프장","경상북도 영천시 오수5길 75","","36","영천시","",35.9689,128.9345,"경북"
275,"옥동파크골프장","경상북도 안동시 옥동 1381-15","","18","안동시","",36.5789,128.7456,"경북"
276,"온고을파크골프장","전북특별자치도 전주시 덕진구 화전동 969-6 만경강하천","21,352㎡","18","전주시","",35.8242,127.1489
277,"왕피천파크골프장","경상북도 울진군 근남면 수산리 364-3","","36","","",36.9671274062397,129.399232102101,"경북"
278,"왜관파크골프장","경상북도 칠곡군 왜관읍 왜관리 1282","","18","칠곡군","",35.9935,128.3984,"경북"
279,"용상파크골프장","경상북도 안동시 용상동 구 안동병원앞","","9","안동시","",36.5684,128.7294,"경북"
280,"용원동 파크골프장","경상남도 창원시 용원동 1347-7","","18","","",35.0936313595071,128.823486947188,"경남"
281,"용인파크골프장","경기도 용인시 포곡읍 용인애버랜드 옆(체육공원내)","","9","","",37.4424274642232,127.56765764498248,"경기"
282,"용주파크골프장","경상남도 합천군 용주면 성산리 1085-1","","18","","",35.5635640718193,128.143041087143,"경남"
283,"용평 파크골프장","강원특별자치도 평창군 용평면 갈정지길 55-35","9700㎡","9","","033-330-2161",37.6378,128.6789,"강원"
284,"우보파크골프장","대구광역시 군위군 미성리","","9","","",36.1729443332619,128.670728840037,"대구"
285,"우주항공파크골프장","경상남도 사천시 정동면 예수리 420","","9","","",35.0692365994926,128.085663710583,"경남"
286,"운정호수공원파크골프장","경기도 파주시 소리천로91","","9","","",37.7202230156082,126.763808857088,"경기"
287,"울주군 범서 파크골프장","울산광역시 울주군 범서읍 천상리 1041-77번지","","18","","",35.5640252819368,129.238992097201,"울산"
288,"울주군 청량 파크골프장","울산광역시 울주군 청량읍 덕하리 979-63","","18","","",35.484409744346,129.301787122088,"울산"
289,"웅상파크골프장","경상남도 양산시 웅상읍 소주동 소남교 둔치","","18","","",35.333977578019734,129.03686588068925,"경남"
290,"원동 가야진사 파크골프장","경상남도 양산시 원동면 용당들길 43-62","","9","","",35.3675346406063,128.902333775722,"경남"
291,"원오교파크골프장","대구광역시 달성군 현풍면 원교리 889-2 원오교","","18","","",35.6917323157497,128.418973550198,"대구"
292,"월드컵공원 파크골프장","서울특별시 마포구 상암동478-1번지 일대","22,000㎡","18","서부공원 여가센터","",37.5651,126.8951
293,"월라봉파크골프장","제주특별자치도 서귀포시 신효동 1188-5","","9","","",33.2666497377114,126.607618905118,"제주"
294,"유가한정파크골프장","대구광역시 달성군 유가읍 한정리 596-1 (차천변)","","18","","",35.64238942274,128.46023046569,"대구"
295,"유등파크골프장","대전광역시 서구 만년동 424","4,265㎡","27","순창군","",35.3789,127.1345
296,"유성구 갑천파크골프장","대전광역시 유성구 탑립동 211-2","","36","","",36.30421087357294,127.37717109160555,"대전"
297,"유어파크골프장","경상남도 창녕군 유어면 미구리 588","","18","","",35.5076436977737,128.400740753596,"경남"
298,"율곡파크골프장","경상남도 합천군 율곡면 영전리786-1","","18","","",35.573782717056,128.210095320867,"경남"
299,"을미기파크골프장","대전광역시 대덕구 대덕대로1448번길 120 을미기공원 내","","18","","",36.442724834314,127.411325608827,"대전"
300,"음성 금왕파크골프장","충청북도 음성군 금왕읍 오산리 산 2-4","","18","","",36.9469914596961,127.67908646078473,"충북"
301,"음성 맹동파크골프장","충청북도 음성군 맹동면 동성리 6","","9","","",36.9204108936173,127.544339073791,"충북"
302,"음성 생극 파크골프장","충청북도 음성군 생극면 신양리 793-2","","18","","",37.0416359773138,127.599964606136,"충북"
303,"의성군파크골프장","경상북도 의성군 비안면 동부리 162-1","","36","","",36.3343648385177,128.499168869891,"경북"
304,"의정부파크골프장","경기도 의정부시 장암동146-10(호장교 밑)","","18","","",37.7012228265584,127.050066101475,"경기"
305,"의흥파크골프장","대구광역시 군위군 의흥면 수서리","","9","","",36.1831660772318,128.69356767107,"대구"
306,"이방파크골프장","경상남도 창녕군 이방면 장천리 950","","15","","",35.6016675584599,128.356381519268,"경남"
307,"이서파크골프장","전북특별자치도 완주군 이서면 용서리 777-2 지사울공원","3,300㎡","27","완주군","",35.7889,127.0567
308,"이순신파크골프장","충청남도 아산시 염치읍 석정리 536-16","","36","","",36.79961766055972,127.01049053384176,"충남"
309,"이천시파크골프장","경기도 이천시 안흥동 33번지","","18","","",37.2711853571712,127.463553674762,"경기"
310,"익산파크골프장","전북특별자치도 익산시 오산면 목천리 967-1","","18","","",35.911388684943,126.922584144573,"전북"
311,"인제군파크골프장","강원특별자치도 인제군 인제읍 남북리 살구미길 27-5","","27","","",38.0578090853833,128.166892282197,"강원"
312,"인천송도파크골프장","인천광역시 연수구 송도동 1번지 달빛공원 내","23376","18","인천시설공단","032-456-5501",37.3886,126.6624,"인천"
313,"일동파크골프장","경기도 포천시 일동면 새낭로267","","18","","",37.9999106290388,127.329100604888,"경기"
314,"임실파크골프장","전북특별자치도 임실군 오수면 오수리 3","43,350㎡","27","임실군","",35.6178,127.2894
315,"잠실운동장 파크골프장","서울특별시 송파구 올림픽로25번지","15,000㎡","9","체육시설 관리사업소","",37.5145,127.0723
316,"잠실파크골프장","서울특별시 잠실동 306(잠실 유수지)","15,000㎡","9","체육시설 관리사업소","",37.5145,127.0723
317,"장수파크골프장","인천광역시 남동구 만수동 668","9127","18","인천광역시 장애인체육회","032-425-9924",37.4234,126.7345,"인천"
318,"장애인파크골프장","경기도 남양주시 진건읍 송능2리(광해군묘)","","9","구미시","",36.1078,128.3234,"경기"
319,"장천파크골프장","경상남도 창원시 진해구 진해대로1099번길 149 생태숲가는길중간지점","","18","","",35.133114864169,128.722874852348,"경남"
320,"장호원파크골프장","경기도 이천시 장호원읍 오남리 304-5(청미천 둔치)","","18","","",37.1017899755298,127.632608118639,"경기"
321,"전원파크골프장","충청남도 서산시 대산읍 운산리","","18","","",36.9584788632906,126.46660922641,"충남"
322,"점곡사촌문화골프장","경상북도 의성군 점곡면 점곡길 53","","9","","",36.4261433895175,128.766395884082,"경북"
323,"정발파크골프장","경기도 고양시 일산동구 마두동819 정발산배수지","","9","","",37.6624286541606,126.77984408185,"경기"
324,"정촌파크골프장","경상남도 진주시 정촌면","","9","","",35.1312367483283,128.10279442624,"경남"
325,"제천 청풍호파크골프장","충청북도 제천시 금성면 신담길 213","","18","","",37.0578984894686,128.187602407126,"충북"
326,"조만강 장애인 파크골프장","경상남도 김해시 장유면 칠산로 127-25","","18","구미시","",36.1078,128.3234,"경남"
327,"조만강파크골프장","경상남도 김해시 장유면 칠산로 127-25","","18","","",35.46653165363837,128.2149912237435,"경남"
328,"조천파크골프장","세종특별자치시 조치원읍 새내22길(서창천교 옆)","7814㎡","9","세종특별자치시","044-304-5172",36.5567,127.2945,"세종"
329,"주문진 신리파크골프장","강원특별자치도 강릉시 주문진읍 신리천","8180㎡","9","","033-640-5963",37.8956,128.8234,"강원"
330,"죽전파크골프장","경기도 용인시 수지구 죽전동555-4 죽전체육공원(하수처리장)","","9","","",37.3300149822935,127.113370506075,"경기"
331,"줄포파크골프장","전북특별자치도 부안군 줄포면 생태공원로 170 부안자연생태공원 내","","18","","",35.5791227420605,126.66697998458,"전북"
332,"중랑구립파크골프장","서울특별시 중랑구 묵동 361-5 일대","","9","","",37.6089848019364,127.071951327882,"서울"
333,"중랑물재생센터 파크골프장","서울특별시 성동구 자동차시장3길 64","","9","","",37.5604666954517,127.060364943935,"서울"
334,"중랑천 파크골프장","서울특별시 광진구 중곡동455-9번지 일대","7,347㎡","9","노원구","",37.6234,127.0587
335,"중랑천 파크골프장","서울특별시 노원구 월계동230-10","7,347㎡","9","노원구","",37.6234,127.0587
336,"중랑천 파크골프장","서울특별시 동대문구 장안동204번지 일대","7,347㎡","9","노원구","",37.6234,127.0587
337,"중랑천파크골프장","서울특별시 노원구 상계동 754-14","7,347㎡","9","노원구","",37.6234,127.0587
338,"중산파크골프장","경기도 고양시 일산동구 중산로217 중산공원","","9","","",37.6915021244931,126.779899088101,"경기"
339,"중앙공원파크골프장","세종특별자치시 연기면 세종동 1204","12910㎡","9","세종시설관리공단","044-850-4343",36.4789,127.2834,"세종"
340,"증평 파크골프장","충청북도 증평군 증평읍 환경개선사업소 내","","9","","",36.64088427281969,127.49584739342059,"충북"
341,"지곡파크골프장","경상북도 포항시 남구 효곡동","","18","포항시","",35.9928,129.3678,"경북"
342,"지수면 파크골프장","경상남도 진주시 지수면","","6","","",35.2350536186244,128.269623700446,"경남"
343,"진안파크골프장","전북특별자치도 진안군 진안읍 운산리 76","24,000㎡","18","진안군","",35.7918,127.4243
344,"진장 파크골프장","울산광역시 북구 진장동 400","","27","","",35.5686549845869,129.353205122619,"울산"
345,"진주종합경기장파크골프장","경상남도 진주시 동진로 415 진주종합경기장내","","9","","",35.182954176368,128.135850961178,"경남"
346,"진천파크골프장","대구광역시 달성군 화원읍 구라리 1400","","18","","",35.8174558620932,128.500118140338,"대구"
347,"진천파크골프장","충청북도 진천군 진천읍 장관리","","18","","",36.8716633323298,127.425660117652,"충북"
348,"차황파크골프장","경상남도 산청군 차황면 친환경로 3581","","9","","",35.4636884545096,127.927806389464,"경남"
349,"천안도솔파크골프장","충청남도 천안시 동남구 천안대로 844 도솔광장 내","","18","","",36.8241764926008,127.162901175837,"충남"
350,"천안백석골프장","충청남도 천안시 서북구 유봉로","","36","","",36.81567018741971,127.12109531281166,"충남"
351,"천안풍세천파크골프장","충청남도 천안시 풍세면 풍서천","","18","","",36.80585794774015,127.11291684748726,"충남"
352,"천안풍세파크골프장","충청남도 천안시 동남구 풍세면 용정리 971 풍세산단 내 공원","","18","","",36.7332142736202,127.105702531637,"충남"
353,"천안한들파크골프장","충청남도 천안시 서북구 음봉로 861-50","","18","","",36.828034199931,127.104606412951,"충남"
354,"철우파크골프장","경상북도 안동시 운흥동 구 안동역내","","9","","",36.48418644622623,128.8936214909108,"경북"
355,"철원군파크골프장","강원특별자치도 철원군 갈말읍 군탄리 869","20916㎡","36","","033-450-5292",38.1469,127.3129,"강원"
356,"첨단체육공원 파크골프장","광주광역시 광산구 쌍암동 695-3 첨단생활체육공원 내","5091㎡","9","시체육회","062-954-7330",35.2295,126.8441,"광주"
357,"청도파크골프장","경상북도 청도군 청도읍 사기점길 24","","27","청도군","",35.6478,128.7345,"경북"
358,"청송파크골프장","경상북도 청송군 청송읍 송생리 784-1","","18","청송군체육회","",36.4345,129.0567,"경북"
359,"청심빌리지파크골프장","경기도 가평군 설악면 송산리711 청심빌리지","","9","","",37.6885771399776,127.513743820356,"경기"
360,"청일파크골프장","강원특별자치도 횡성군 청일면 유평리 613-1","13310㎡","18","","033-340-5962",37.4567,127.9234,"강원"
361,"청주 미호강 파크골프장","충청북도 청주시 흥덕구 미호로 99","","36","","",36.6804310688525,127.436393846036,"충북"
362,"청주 오송 파크골프장","충청북도 청주시 흥덕구 오송읍 생명과학단지 공원 내","","9","","",36.63732736535302,127.4782825320367,"충북"
363,"청주 장애인 파크골프장","충청북도 청주시 흥덕구 미호로 99","","18","구미시","",36.1078,128.3234,"충북"
364,"청주 호미골 파크골프장","충청북도 청주시 상당구 용정동 25","","9","","",36.6407607606005,127.521566220947,"충북"
365,"청하파크골프장","전북특별자치도 김제시 청하면 강변로151 근처","25,000㎡","18","김제시","",35.8034,126.8789
366,"춘천 서면파크골프장","강원특별자치도 춘천시 서면 박서로800","30623㎡","18","","033-250-3502",37.8813,127.7298,"강원"
367,"춘천 소양강파크골프장","강원특별자치도 춘천시 장학리 459-11","66578㎡","18","","033-250-3502",37.8956,127.7456,"강원"
368,"충주 단월 파크골프장","충청북도 충주시 단월동 635-4","","18","","",36.9443632217431,127.891651064692,"충북"
369,"충주 장애인 파크골프장","충청북도 충주시 창현로 1400 (용관동)","","9","구미시","",36.1078,128.3234,"충북"
370,"충주호 파크골프장","충청북도 충주시 목행동 749-3","","54","","",37.0140731023942,127.915131813969,"충북"
371,"취병파크골프장","강원특별자치도 원주시 문막읍 취병리 438-37번지","21000㎡","18","","033-737-2874",37.2987,127.8756,"강원"
372,"칠서강나루파크골프장","경상남도 함안군 칠서면 이룡리 998","","45","","",35.39244374589,128.508884984335,"경남"
373,"칠십리파크골프장","제주특별자치도 서귀포시 서홍동 663-2","","18","","",33.2442663222412,126.557678410095,"제주"
374,"칠암파크골프장","경상남도 진주시 칠암동 남강둔치","","9","","",35.46026854454989,128.22304034423976,"경남"
375,"탄천 파크골프장","서울특별시 세곡동2-5일대","","27","","",37.4678022842771,127.121878517541,"서울"
376,"탑정파크골프장","충청남도 논산시 부적면 탑정리 475-79","","18","","",36.1796871007189,127.146441254604,"충남"
377,"태백파크골프장","강원특별자치도 태백시 백두대간로 179 태백스포츠파크 내","","18","","",37.2011102130176,128.974026854085,"강원"
378,"태안파크골프장","충청남도 태안군 태안읍 기업도시로 443","","36","","",36.7141094021081,126.330397085137,"충남"
379,"태장파크골프장","강원특별자치도 원주시 태장동1346-16 둔치","5000㎡","18","","033-737-2874",37.3534,127.9345,"강원"
380,"태평-버드내파크골프장","대전광역시 중구 태평동515-2(가장교-태평교)","","18","","",36.3263253644466,127.389647180958,"대전"
381,"파주금강산랜드파크골프장","경기도 파주시 월롱면 위전리89","43000㎡","9","세종특별자치시","044-301-3334",36.4816,127.289,"경기"
382,"파주파크골프장","경기도 파주시 교하로577(심학산배수지입구)","","18","","",37.7071434640385,126.715136381818,"경기"
383,"평거지구 파크골프장","경상남도 진주시 평거동","","18","","",35.1738211142879,128.065384700633,"경남"
384,"평창 파크골프장","강원특별자치도 평창군 평창읍 제방길 101","12789㎡","18","","033-330-2161",37.3701,128.3896,"강원"
385,"평택파크골프장","경기도 평택시 비전동 1005-1","","9","","",37.0030161990144,127.092772723242,"경기"
386,"포천시파크골프장","경기도 포천시 일동면 사직리 913-4","","36","","",38.0013750669927,127.326456040758,"경기"
387,"풍기파크골프장","경상북도 영주시 풍기읍 창락리 303-1 남원천변","","18","","",36.8828417283779,128.476381082205,"경북"
388,"풍호공원 파크골프장","경상남도 창원시 진해구 풍호동 26-1","","9","","",35.1216487315936,128.70697520326,"경남"
389,"하남시파크골프장","경기도 하남시 미사대로505 미사경정공원 내","","18","","",37.5536259052614,127.213229587651,"경기"
390,"하남시파크골프장","경기도 하남시 미사대로 505","","36","","",37.5536259052614,127.213229587651,"경기"
391,"하남파크골프장","경상남도 밀양시 하남읍 수산리 418-5","","9","","",35.3688385199079,128.719400047064,"경남"
392,"하대지구 파크골프장","경상남도 진주시 하대동","","9","","",35.1893640873663,128.127403704554,"경남"
393,"하동군파크골프장","경상남도 하동군 진교면 구 고속도로 934","","36","","",35.0183571607938,127.913719659688,"경남"
394,"하빈파크골프장","대구광역시 달성군 하빈면 봉촌리 1200-3","","27","","",35.8620724738243,128.388091264863,"대구"
395,"하양파크골프장","경상북도 경산시 하양읍 동서리172-4","","18","경산시","",35.9123,128.8234,"경북"
396,"학성파크골프장","강원특별자치도 원주시 학성동 36번지","13000㎡","18","","033-737-2874",37.3422,127.9202,"강원"
397,"한반도섬 파크골프장","강원특별자치도 양구군 양구읍 파라호로 855번길","26000㎡","27","","033-480-7163",38.1096,127.9895,"강원"
398,"한솔파크골프장","세종특별자치시 가람동 765","9590㎡","9","세종특별자치시","044-301-3334",36.5034,127.2567,"세종"
399,"한진파크골프구장","충청남도 당진시 송악읍 신복운로 5","","9","","",36.9442965343692,126.783721476563,"충남"
400,"함안샛담파크골프장","경상남도 함안군 함안면 샛담길 35-15","","18","","",35.215104058468,128.437264265198,"경남"
401,"함안파크골프장","경상남도 함안군 법수면 법정로 200-39","","18","","",35.3325587728601,128.369473401432,"경남"
402,"함양파크골프장","경상남도 함양군 함양읍 하림강변길 131 하림공원 내","","18","","",35.5110994247793,127.739996200574,"경남"
403,"합천군파크골프장","경상남도 합천군 합천읍 합천리 20-2","","36","","",35.5721201567956,128.169907983029,"경남"
404,"해평파크골프장","경상북도 구미시 해평면 낙산리1095-34","","18","구미시","",36.1234,128.3567,"경북"
405,"행구수변공원파크골프장","강원특별자치도 원주시 행구동 1029번지","10000㎡","9","","033-737-2874",37.3234,127.9123,"강원"
406,"현리근린공원파크골프장","강원특별자치도 인제군 기린면 현리 785 근린공원","","9","","",37.9493239189382,128.31312592088,"강원"
407,"형산장애인전용파크골프장","경상북도 포항시 남구 형산강북로 371","","18","구미시","",36.1078,128.3234,"경북"
408,"형산파크골프장","경상북도 포항시 남구 해도동 119-1 형산둔치 형산강변체육공원 내","","36","포항시시설관리공단","",35.9845,129.3567,"경북"
409,"호계리 파크골프장","경상남도 창원시 마산회원구 내서읍 호계 본동로 59-1","","18","","",35.21037454486307,128.5564881820538,"경남"
410,"홍성군파크골프장","충청남도 홍성군 홍성읍 충서로1707번길 150","","18","","",36.6119401624291,126.691820881625,"충남"
411,"홍천강변파크골프장","강원특별자치도 홍천군 홍천읍 갈마곡리 267-10","12933㎡","18","","033-430-2441",37.6971,127.8886,"강원"
412,"화명파크골프장","부산광역시 북구 화명동 1718-14 화명생태공원 내","","54","","",35.2335992050014,129.004520577613,"부산"
413,"화순파크골프장","전라남도 화순군 청풍면 풍암리 93-9번지 일원","-","87","화순군","",35.0578,126.9656,"전남"
414,"화원 진천파크골프장","대구광역시 화원읍 구라리 1400번지 일원","","18","","",35.8174558620932,128.500118140338,"대구"
415,"화정파크골프장","경기도 고양시 덕양구 은빛로77","","9","","",37.454743056912115,127.54925449557632,"경기"
416,"화천 산천어파크골프장(1구장)","강원특별자치도 화천군 하남면 춘화로 3061-17","82104㎡","18","","033-441-0797",38.1065,127.7086,"강원"
417,"화천 산천어파크골프장(2구장)","강원특별자치도 화천군 하남면 춘화로 3061-17","82104㎡","18","","033-441-0797",38.1065,127.7086,"강원"
418,"화천 생활체육공원파크골프장","강원특별자치도 화천군 하남면 춘화로 3225-56","28955㎡","18","","033-441-0797",38.1123,127.7156,"강원"
419,"황산공원 파크골프장","경상남도 양산시 물금읍 증산리967-1","","36","","",35.32651696709434,129.04466283696073,"경남"
420,"회천파크골프장","제주특별자치도 제주시 와흘전1길 32 제주시생활체육공원 내","","18","","",33.4723756455238,126.6365085949,"제주"
421,"횡성파크골프장","강원특별자치도 횡성군 횡성읍 앞들동2로 45-19","","18","","",37.4831764605576,127.987795921871,"강원"
422,"횡천파크골프장","경상남도 하동군 횡천면 횡천리 639-3","","18","","",35.1156704444845,127.813606632014,"경남"
423,"효령파크골프장","광주광역시 북구 하서로 950","6900㎡","9","효령노인복지타운","062-604-9854",35.1876,126.8934,"광주"
424,"효령파크골프장","대구광역시 군위군 효령면 장기리 116","6900㎡","9","효령노인복지타운","062-604-9854",35.1876,126.8934,"대구"
